PageRank of graph_4,
Node , PageRank 
Node 1,1.961475973
Node 2,1.111056607
Node 3,0.971923266
Node 4,0.757350094
Node 5,1.289069379
Node 6,0.423915337
Node 7,0.483434757
