PageRank of graph_3,
Node , PageRank 
Node 1,0.70147109
Node 2,1.297679022
Node 3,1.297679022
Node 4,0.70147109
