PageRank of graph_2,
Node , PageRank 
Node 1,0.999466737
Node 2,0.999466737
Node 3,0.999466737
Node 4,0.999466737
Node 5,0.999466737
