PageRank of graph_1,
Node , PageRank 
Node 1,0.15
Node 2,0.2775
Node 3,0.385875
Node 4,0.47799375
Node 5,0.556294688
Node 6,0.622850484
